year,search term,sentence,score
2014,Apitutude|Discretionary,"piggyondemove wrote:  There will be 2 parts to the interview. First off is a written test in some meeting room. There were 11 others with me as well. So we were given a passage and 2 5-marks questions, with 30 minutes to complete the test. I would suggest you manage the time well, 10 min for reading, 10 min for each question. I don't think they'll be using the same passage, perhaps you can tell me your topic after your interview.  My passage was an extract from this rather 'ancient' philosopher's book. About 1.5 pages long with word size of probably 10. The 2 questions are based on the passage, somewhat like GP's comprehension; 1 question asking about the explanation of the content , the other asking for summary of arguments made by the author. I did manage to see how much my peers wrote, and to my horror, many of them wrote at least 1 page for each question. I just answered straight to the point with as much detailed and concise elaborations (probably barely half a page). So if you have the same worry as me, just remember that quality can definitely make up for quantity. At least I know that if I had written 1 page long, my answer will probably be worse off >.< No time for flowery language honestly. Second part was the actual interview by professors. It's a 1-1 interview in the prof's office. As there were 12 of us with 3 profs, they split us up into 3 groups. Most probably in alphabetical order. My name starts with 'A', so I was interviewed first in my group. 3 interviews were carried out simultaneously in various offices. There isn't a time limit per se, so I guess you could ramble on for as long as you prefer. During the interview, my interviewer ran through the process with me first. 3 main questions. 1. Something more academic, based on the written test. So it was like a chance to elaborate on what you've missed out, or for you to clarify on certain thoughts. No hard and fast rule with this. 2. Based on philosophy's fields of study, talk about what interests you in Philo. (It's basically why you chose Philosophy).  3. Elaborate on CCAs, what made you who you are, what changed your beliefs, any turning points in life etc (that kind of questions). Do take note though, the interviewer may refer (many times) to your application, be it choice of courses, CCA, results and what you wrote for discretionary etc. As for my interviewer, it seemed like he took a good look at the hardcopy of my application. Thank goodness I remembered the details of it.  Also, he actually made it very obvious that he's jotting down pointers of what you say from first question onwards, and he will write things that impresses him as you speak. So feel free to share your glorious history with your interviewer (of course it has to have some link with his main questions). Lastly, the interviewer will ask you if you have any queries. Ask something sensible and pertaining to philosophy or the school's pedagogy. You can PM me if you want to know what I asked. The interview process was a rather enjoyable one, semi-formal? We had a nice chat on some aspects of philosophy that I was interested in; and there's really nothing wrong if you're not sure on how to answer the questions. Just make a deliberate pause, at least to look like you're thinking through your answer, and do answer as logically as possible. Fact is, philosophy is based on logic.  Some tips for preparations: 1. Look up some of the famous philosophers and their background. You might kena one of them for your passage. 2. Look through the curriculum, and decide what you're interested in. Wiki is your best friend if you need explanations on the concepts. 3. Be honest with your background, but speak smartly and emphasize on your strengths. They just want to know you better. Best of luck for your interview tomorrow. PM me if you need anything else. Don't worry, the profs are really friendly. I heard much laughter coming from the other 2 rooms while I was in the interview. Hi! The written test was really challenging, it was about Rene. Everything was as expected for the interview portion, thank you so much for your help! I am not sure if I will be able to get in but thanks once again.",13.26624632678971
2014,Apitutude|Discretionary,"singsongsing123 wrote:  Hi, I am attending philo interview tmr. Could you share with me how the interview process will be like? There will be 2 parts to the interview. First off is a written test in some meeting room. There were 11 others with me as well. So we were given a passage and 2 5-marks questions, with 30 minutes to complete the test. I would suggest you manage the time well, 10 min for reading, 10 min for each question. I don't think they'll be using the same passage, perhaps you can tell me your topic after your interview.  My passage was an extract from this rather 'ancient' philosopher's book. About 1.5 pages long with word size of probably 10. The 2 questions are based on the passage, somewhat like GP's comprehension; 1 question asking about the explanation of the content , the other asking for summary of arguments made by the author. I did manage to see how much my peers wrote, and to my horror, many of them wrote at least 1 page for each question. I just answered straight to the point with as much detailed and concise elaborations (probably barely half a page). So if you have the same worry as me, just remember that quality can definitely make up for quantity. At least I know that if I had written 1 page long, my answer will probably be worse off >.< No time for flowery language honestly. Second part was the actual interview by professors. It's a 1-1 interview in the prof's office. As there were 12 of us with 3 profs, they split us up into 3 groups. Most probably in alphabetical order. My name starts with 'A', so I was interviewed first in my group. 3 interviews were carried out simultaneously in various offices. There isn't a time limit per se, so I guess you could ramble on for as long as you prefer. During the interview, my interviewer ran through the process with me first. 3 main questions. 1. Something more academic, based on the written test. So it was like a chance to elaborate on what you've missed out, or for you to clarify on certain thoughts. No hard and fast rule with this. 2. Based on philosophy's fields of study, talk about what interests you in Philo. (It's basically why you chose Philosophy).  3. Elaborate on CCAs, what made you who you are, what changed your beliefs, any turning points in life etc (that kind of questions). Do take note though, the interviewer may refer (many times) to your application, be it choice of courses, CCA, results and what you wrote for discretionary etc. As for my interviewer, it seemed like he took a good look at the hardcopy of my application. Thank goodness I remembered the details of it.  Also, he actually made it very obvious that he's jotting down pointers of what you say from first question onwards, and he will write things that impresses him as you speak. So feel free to share your glorious history with your interviewer (of course it has to have some link with his main questions). Lastly, the interviewer will ask you if you have any queries. Ask something sensible and pertaining to philosophy or the school's pedagogy. You can PM me if you want to know what I asked. The interview process was a rather enjoyable one, semi-formal? We had a nice chat on some aspects of philosophy that I was interested in; and there's really nothing wrong if you're not sure on how to answer the questions. Just make a deliberate pause, at least to look like you're thinking through your answer, and do answer as logically as possible. Fact is, philosophy is based on logic.  Some tips for preparations: 1. Look up some of the famous philosophers and their background. You might kena one of them for your passage. 2. Look through the curriculum, and decide what you're interested in. Wiki is your best friend if you need explanations on the concepts. 3. Be honest with your background, but speak smartly and emphasize on your strengths. They just want to know you better. Best of luck for your interview tomorrow. PM me if you need anything else. Don't worry, the profs are really friendly. I heard much laughter coming from the other 2 rooms while I was in the interview.",13.109605145804613
2014,Apitutude|Discretionary,"CaiHongRainx wrote:  Hi guys, I'm a JC student. Grades H2/H1 ABB/BBC, UAS 80 w/o MT. I applied to NUS Computer Science. I thought with my grades it shouldn't be a problem, but then I'm called up for a discretionary admission interview. It came quite unexpected. Does anyonw knows what's the interview is going to be like? Surprising eh. I was 77.5 got in no prob. 2 years back though haha",6.107315932869012
2014,Apitutude|Discretionary,"CaiHongRainx wrote:  Hi guys, I'm a JC student. Grades H2/H1 ABB/BBC, UAS 80 w/o MT. I applied to NUS Computer Science. I thought with my grades it shouldn't be a problem, but then I'm called up for a discretionary admission interview. It came quite unexpected. Does anyonw knows what's the interview is going to be like? fwah sho satki still need interview?",5.789778705697654
2014,Apitutude|Discretionary,"CaiHongRainx wrote:  Hi guys, I'm a JC student. Grades H2/H1 ABB/BBC, UAS 80 w/o MT. I applied to NUS Computer Science. I thought with my grades it shouldn't be a problem, but then I'm called up for a discretionary admission interview. It came quite unexpected. Does anyonw knows what's the interview is going to be like? Did you apply for DA? like fill up the DA portion",5.647362882948941
2014,Apitutude|Discretionary,"LordKuroda wrote:  Congrats!  Mind sharing more info? What course did you apply for, GPA and L1R4. Thanks! I applied for computing engineering , cgpa 3.75 and l1r4 13 .  no interview/discretionary admission my friend's application is still processing and he applied same course as me, if you don't have it yet, just wait patiently! you will  really, good luck to all of you around.  hope to seeya ",5.496119027343893
2014,Apitutude|Discretionary,"alpha123456 wrote:  I applied for computing engineering , cgpa 3.75 and l1r4 13 .  no interview/discretionary admission my friend's application is still processing and he applied same course as me, if you don't have it yet, just wait patiently! you will  really, good luck to all of you around.  hope to seeya com eng? good luck dude....  enjoy while u can...",5.278236048504202
2014,Apitutude|Discretionary,"Hi guys, I'm a JC student. Grades H2/H1 ABB/BBC, UAS 80 w/o MT. I applied to NUS Computer Science. I thought with my grades it shouldn't be a problem, but then I'm called up for a discretionary admission interview. It came quite unexpected. Does anyonw knows what's the interview is going to be like?",5.244280447575627
2014,Apitutude|Discretionary,arryoyo wrote:  Is there anyone who went for NUS DA interview and got the offer?  Hi! May I know how you come to realise that your NUS interview is granted via discretionary admission route and not the normal non-DA route?,4.29614435628158
2014,Apitutude|Discretionary,blumberbeep wrote:  Hi! May I know how you come to realise that your NUS interview is granted via discretionary admission route and not the normal non-DA route? NUS stated it in the email that was sent to me.,4.174790586357006
2015,Apitutude|Discretionary,"Occifer&Gentleman wrote:  Just thought I should contribute since i benefited from the responses in this thread  Moral of the Story: Know What You Want, NEVER GIVE UP! My Background: Offered NUS Biz this year through 2 rounds of discretionary admissions interviews age: 26, 3rd year applying (Always NUS Biz first choice)  Engineering Dip GPA low 2's, Specialist Dip in events etc GPA 3.4 O Levels: L1R4 21, No A Math or pure sciences SAT Reasoning 1820   I was also shocked at being offered. It really shows that you just need to keep going at it and eventually even the toughest wall will crumble! congrats bro! welcome to NUS Biz get ready ",7.486321220351119
2015,Apitutude|Discretionary,marigoldhl wrote:  overall portfolio only comes into the picture when you apply through discretionary admission... mostly GPAYes. This lor I hope ntu can give me a chance for interview.  But probably no de. Ahhh,4.410415327727275
2015,Apitutude|Discretionary,bluedolph wrote:  does NBS have a igp? Do they look at gpa only or overall portfolio? overall portfolio only comes into the picture when you apply through discretionary admission... mostly GPA,3.553891547685379
2016,Apitutude|Discretionary,"Which university? Which course of study?Aim for a course that best suits you, rather than enrol in the most lucrative one Tan Eng Chye Prof Tan is deputy president (academic affairs) and provost at the National University of Singapore. PUBLISHED 6 HOURS AGOhttp://www.straitstimes.com/singapor...ourse-of-study The university admissions season is in full swing, and this is an exciting time for students in Singapore. The tertiary education landscape here has expanded significantly, and there are now many varied and interesting pathways for students to choose from, from traditional professional degree courses in medicine or engineering, to music and the liberal arts and science. Many parents I met at the National University of Singapore's (NUS) Open Day last month remarked that they are envious of the plethora of choices their children have, and wish to be young once more. Some of you may have secured multiple offers from different universities in Singapore and overseas, and you will have to make an acceptance decision soon. But how should one decide? Every year, the Ministry of Education publishes the employment rates and median starting salaries of fresh graduates of the different degree programmes offered by local universities. I certainly hope students do not make decisions based solely on data obtained through the Graduate Employment Survey (GES). GES data provides an indication of starting salaries. Starting salaries are but a guide; they neither set the course nor determine one's career trajectory or destiny. In this volatile, uncertain, complex and ambiguous or ""Vuca"" world, one cannot predict the future or where the lucrative jobs will be. You would therefore want your university education to equip you with broad-based life skills, and develop you with the flexibility and resilience needed to pick up new knowledge, adapt to new circumstances, and exploit job opportunities across a variety of sectors throughout your lifetime of careers. Another consideration is whether and how the university course adds value to your educational journey. Some students (and parents) may look to university rankings as a measure of the strength of a university department. And there are definitely synergies between research and education. If the university department excels in research, and counts world-leading researchers in the field, it is likely that cutting-edge research will filter through to your learning experience. You will have the opportunity to be taught by highly regarded academics, and there will be plenty of opportunities to conduct research under the who's-who in the field. This is particularly valuable if you have a very strong interest in research or academia. Choosing a university that excels in your area of interest may also open up more specialised opportunities, such as advanced facilities, academic opportunities such as overseas study or research trips, as well as internships and employment opportunities with prestigious organisations in the industry. Beyond academic reputation, your choice of university will also affect your life intellectually, socially and professionally. You should evaluate the entire student experience, and whether it will suit you. Find out if the social setting on campus is what you would want to be part of. NUS has, for example, the Yale-NUS College and the University Town Residential College programmes, which offer an integrated living and learning experience, amid a collegial and intellectually vibrant setting. Another distinctive programme is the NUS Overseas Colleges programme, where students get to live, work and study in an entrepreneurial hub such as Silicon Valley, New York City or Stockholm, taking entrepreneurship classes at a partner university while working in promising entrepreneurial start-ups. All universities have carefully developed their own suite of programmes and it is worth your time and effort to find out what is on offer. Talk to the professors, and to current students. Universities hold Open Days and various outreach sessions where you can visit the campus and get first-hand information. The best-ranked university or the programme that offers you two degrees in the shortest duration may sound attractive, but they may not necessarily be what you are looking for.  Some of you may want an intensely academic experience, and to pick up as many degrees in the shortest possible time. Yet others may prefer to develop a broader range of capabilities, to try out new things, or to pursue more varied experiences. You should aim to identify a university and a course that best suits you, and not simply enrol in the most competitive or lucrative course. After all, you will be spending your next three to four years in this programme. For those of you whose grades may not meet the degree programme's published entry requirements, do not give up. All local universities have discretionary admissions schemes. Last year, NUS interviewed a record 1,600 students under the scheme, and admitted 670 students. This scheme allows universities to assess applicants more holistically, and to consider their passions and attributes such as leadership, resilience or entrepreneurial skills or talent in non-academic areas. The good news is that from the next academic year onwards, NUS, Nanyang Technological University and Singapore Management University can take in more students under the Discretionary Admissions Scheme, from 10 per cent of the annual intake currently, to up to 15 per cent. This will enable more students to enter universities on the basis of their strengths and talents, beyond academic performance. There is no perfect university. What is key is to make a considered decision with the resources and information that are available to you. Your degree should help start you on the journey to where you want to go. The knowledge, experiences and opportunities in your university life should also prepare you for life beyond your degree. As a student in Singapore, you will have up to the beginning of June to decide on your offers from most of the local universities. Whatever you eventually decide on, make the most of your university experience because, for many, it will be the best time of your life.",14.58155705861712
2016,Apitutude|Discretionary,"SINGAPORE: Three of Singapore's autonomous universities are refining the way they admit students under the Discretionary Admissions Scheme, which looks beyond a person's academic achievements. It comes as the universities prepare to take in more students under the scheme, when the current cap of 10 per cent allowed for discretionary admissions goes up to 15 per cent next year. ADVERTISING inRead invented by Teads National University of Singapore (NUS) is offering 7,000 places for the coming academic year, but it has received four times the number of applicants. While it has started handing out offers to those who made the cut based on their grades, about 1,800 students who did not are undergoing interviews to be considered for discretionary admissions this year. NUS has been evaluating and admitting more students under the scheme over the years. Last year, it evaluated 1,600 students, 400 more than 2014. 670 of them got in, 70 more than 2014. With more students expected to be considered for discretionary admissions, the process at NUS may be refined. Said Professor Tan Eng Chye, deputy president of academic affairs at NUS: â€œWe are evolving; for instance, we have gotten alumni to help us with the interviews. I find that very useful because the alumni have a lot of experience in sizing up people and candidates, and they ask very useful questions. â€œWe also provide more data on what to look out for and if the numbers get to be big, we may decide that maybe we can have sort of a test first - not an academic test per se, but perhaps a test to look at other non-academic aspects of that person. It could be an aptitude test.â€ Prof Tan added: â€œExercising flexibility is one aspect; you also have to be fairly sharp on what to look for - it is not simply: 'OK, meet the numbers.' Our interest is to look for attributes of the applicants that would make the student community more interesting, more diversified, and enhance the interaction within the student community. â€œThose who can adequately and can eloquently convey their passions and interests - that would be advantageous. But we also have to look out for students who may not be able to communicate as well, but yet they have the potential for us to groom them to be able graduates.â€ At the Singapore Management University (SMU), discretionary admissions currently form about 5 to 8 per cent of the annual intake. With the higher cap of 15 per cent for such admissions next year, the university will have ""more leeway"" when assessing students. Professor Pang Yang Hoong, vice provost for undergraduate matters and student development at SMU, said: â€œFor SMU, looking at students with other qualifications is not something terribly new because we always been holistic in the way we assess students and their suitability for admission. We will be more flexible. â€œ(We look for) passion, the aptitude for the course for which we are admitting them into. It would also be ideal if students have demonstrated that they are successful to be in time management, that they also possess resilience and the ability to overcome difficult situations. This will help us to assess if that person has got the resilience and the determination to do well in the programme.â€ SMU is expecting more polytechnic graduates to apply through the discretionary route with the cap being raised to 15 per cent of the annual intake. Nanyang Technological University (NTU) will also ""broaden the criteria"", to give more people a shot at securing a place. It will favourably consider those who possess ""enthusiasm and relevant work experience"". Professor Kam Chan Hin, senior associate provost for undergraduate education at NTU, commented: â€œNormally, they will look at other achievements that they have - whether in sports, in arts â€¦ or even if they are very passionate about community service, leadership. So these are the things that we usually look for. â€œWe are going to encourage all the schools to broaden the criteria, to allow more people who have a very strong passion, to be given the opportunity to be interviewed. We should be more adventurous, open it a bit more and ask more questions, outside of the usual parameters, and if you find somebody who is really very interesting and very passionate â€¦ give them a chance.â€ NTU had evaluated 1,400 students under the scheme last year and about 600 were given a place. All three universities said that even as they exercise flexibility, it is still important for students to show that they possess the ""adequate academic competence"" to go through the rigour and demands of a university education.  - CNA/ms",13.30973546626778
2016,Apitutude|Discretionary,"Quote: middleofnowhere wrote: Thanks for the reply! May I know which engineering course that is? My top choice in NTU is sociology, the rest is all engineering.(information, materials, civil, electrical) I think I would be fine with engineering, but still really hoping for sociology. And I know those are the only official methods of application, but if I can somehow highlight my potential to them don't you think it would at least warrant some form of consideration? As Havok_ex pointed out, entry into Sociology may be more competitive with a potentially smaller intake, not to mention candidates possessing better A-Level grades this year.  Even under the discretionary admission scheme, most successful candidates fall short of the 10th percentile by approximately 3 points. So using that as a gauge, a ""safe"" minimum for such a candidate will be around 68.25 (10th percentile for NTU Sociology being 71.25). Hence, unless you had some personal circumstances that explained your results or exemplary non-academic performance, chances of you qualifying for Sociology through Discretionary Admission (and naturally, normal admission) is very low.  You may wish to appeal into engineering courses that are not only closer to your UAS (those ranging in the 60+), but also possess a large intake to raise your chances of admission. If you're determined to get into Sociology, transfers within the university is not impossible either, just incredibly rare. You may also wish to google some sites to guide your appeal process. There's one by Zueet titled ""Rejected and planning your appeal SMU, NTU, NUS or SUTD?"". [I can't post the link here because the forum doesn't allow me to]. Note that the author of the site appealed a total of 18 times over the course of 3 years; but you might fair better since your results are slightly better than his. Good luck ",10.134203235305314
2016,Apitutude|Discretionary,"Insertnamehere wrote:  As Havok_ex pointed out, entry into Sociology may be more competitive with a potentially smaller intake, not to mention candidates possessing better A-Level grades this year.  Even under the discretionary admission scheme, most successful candidates fall short of the 10th percentile by approximately 3 points. So using that as a gauge, a ""safe"" minimum for such a candidate will be around 68.25 (10th percentile for NTU Sociology being 71.25). Hence, unless you had some personal circumstances that explained your results or exemplary non-academic performance, chances of you qualifying for Sociology through Discretionary Admission (and naturally, normal admission) is very low.  You may wish to appeal into engineering courses that are not only closer to your UAS (those ranging in the 60+), but also possess a large intake to raise your chances of admission. If you're determined to get into Sociology, transfers within the university is not impossible either, just incredibly rare. You may also wish to google some sites to guide your appeal process. There's one by Zueet titled ""Rejected and planning your appeal SMU, NTU, NUS or SUTD?"". [I can't post the link here because the forum doesn't allow me to]. Note that the author of the site appealed a total of 18 times over the course of 3 years; but you might fair better since your results are slightly better than his. Good luck Thank you very much for the informative insight. It is very upsetting news, but necessary for me to accept nonetheless. May I know what is your source for the reduced intake size? And I assume it's not encouraged for me to appeal for sociology if I get rejected?",9.805778118258887
2016,Apitutude|Discretionary,"Hybridhades wrote:  Hi, what's my chances of entering NUS Comp Sci? Really sad that this year comp sci igp went up from 3.65 to 3.74  L1R4: 20 GPA: 3.7/4 School: Temasek Polytechnic Course: Diploma in Information Technology Maths: No Amaths I have a good record of CCA and have taken up multiple positions in different clubs. Got second place in a national competition before. Do I stand a chance for DA even if direct admission didn't go through? MrSinkie95 wrote:  just try, no definite answer. I have a more definite answer. You stand 0% chance under regular admission, as Additional Mathematics is a STRICT PRE-REQUISITE to NUS Computer Science. HOWEVER, you may still apply and be considered under Discretionary Admission.  Please refer to this link for more information:http://www.nus.edu.sg/oam/apply/loca...p/temasek.htmlQuote:  v) Applicants who do not fulfil the requirements listed in (i), (ii), (iii) and (iv) may still submit an application to be considered for the courses. They will be assessed based on their polytechnic results and other additional results/ certificates presented under the Discretionary Admissions (DA) section. The University may evaluate these applicants on a case-by-case basis. Shortlisted applicants may be required to attend an admissions interview under the discretion of the School of Computing. ",9.434251189812834
2016,Apitutude|Discretionary,"L0sts0ul234 wrote:  Have anyone been to a discretionary admission interview? How would it be like? Hi  I went for NUS PFM DA before. Basically it was a short 10 to 15 mins interview for me. The first thing they asked was why I chose it. For me, PFM was one of my last few choices.. I think the 4th? I explained that it was because of its practicality and stuff. Then they asked how much I know about the course etc and why I chose to put it higher up compared to RE (my 5th choice). They also discussed about like my other choices for other universities. Like erm if they offer me and then NTU offered me my choice, would i choose PFM or NTU Econs (my 1st choice). At that point in time I had decided NTU econs wasnt for me la, so I just said truthfully that yeah I would take PFM. Then they asked whether I had any questions about the course etc. The interviewers (there were 3) quite friendly. The prof, asst prof and one more was the one who sent me the email for the DA interview. Most of the time the prof was the one asking, while the rest took down notes or something...??  I went for this on 20 May. Then on 27 May i received the offer. I not sure why i was given the opportunity in the first place cause my DA also not v outstanding. They also didnt mention what i wrote for the achievements part... From what I heard from my other friends who went for DA interviews as well, they also got discuss how they can contribute and study hard even though a level results not exactly ideal Anyways... i accepted the pfm offer, but 2nd acceptance window came and NTU offered me PPGA so I took that instead....hahah. If you are going for your DA good luck!",9.214709694117683
2016,Apitutude|Discretionary,"Hybridhades wrote:  Hi, what's my chances of entering NUS Comp Sci? Really sad that this year comp sci igp went up from 3.65 to 3.74  L1R4: 20 GPA: 3.7/4 School: Temasek Polytechnic Course: Diploma in Information Technology Maths: No Amaths I have a good record of CCA and have taken up multiple positions in different clubs. Got second place in a national competition before. Do I stand a chance for DA even if direct admission didn't go through? ChocolateCat wrote:  I have a more definite answer. You stand 0% chance under regular admission, as Additional Mathematics is a STRICT PRE-REQUISITE to NUS Computer Science. HOWEVER, you may still apply and be considered under Discretionary Admission.  Please refer to this link for more information:http://www.nus.edu.sg/oam/apply/loca...p/temasek.htmlWhat chocolatecat said is true. If no A Math, u might be interviewed. That again does not guarantee anything. chance is very slim. And even if you do get com sci. your life in NUS CS will be hell due to your weak math foundation. NUS CS is not all about coding... math is pretty much 50% of the whole course.",8.990794987209682
2016,Apitutude|Discretionary,"middleofnowhere wrote:  Hi all, if I did not fare well for A-levels, is there any way(appeal, personal letter?) I can use my stellar academic history to my advantage in getting into university? By that I refer to past scholarships, being from ""elite"" schools, IP track, qualifying for 4H2s etc. I know some may find it unfair towards students who worked hard to get a good A-level cert despite their history, but if I'm not wrong, poly students are considered for their O level results as well right? I'm not even eyeing the competitive courses, just desperate to get into local uni ): My RP is only 67.5 Sorry to burst your bubble, but 'past scholarships', 'being from ""elite"" schools', 'IP track' and 'qualifying for 4H2s' were merely rewards for your past academic achievements in the PSLE. It's a one-time ticket only. If the ""stellar academic achievements"" you're referring to are Olympiad medals, or some form of prestigious international award, then you may wish to consider applying via Discretionary Admissions. The local university admissions criteria is simple. JC/IP students apply with their A level certification. Your score of 67.5 should safely qualify you for (based on the 2015/2016 IGP): NTU EEE (65) NTU Mechanical Engineering (66.25) NTU Physics/Applied Physics (63.75) NTU ADM (65) You may also consider the following courses: NUS Nursing (68.75) NTU Engineering (Common) (68.75) NTU Civil Engineering (68.75) NTU Materials Engineering (68.75) NTU Information Engineering and Media (68.75) NTU Chinese (68.75) SMU Information Systems (70) Hope this helps.",8.823814117511239
2016,Apitutude|Discretionary,"meowyy wrote:  Sorry to burst your bubble, but 'past scholarships', 'being from ""elite"" schools', 'IP track' and 'qualifying for 4H2s' were merely rewards for your past academic achievements in the PSLE. It's a one-time ticket only. If the ""stellar academic achievements"" you're referring to are Olympiad medals, or some form of prestigious international award, then you may wish to consider applying via Discretionary Admissions. The local university admissions criteria is simple. JC/IP students apply with their A level certification. Your score of 67.5 should safely qualify you for (based on the 2015/2016 IGP): NTU EEE (65) NTU Mechanical Engineering (66.25) NTU Physics/Applied Physics (63.75) NTU ADM (65) You may also consider the following courses: NUS Nursing (68.75) NTU Engineering (Common) (68.75) NTU Civil Engineering (68.75) NTU Materials Engineering (68.75) NTU Information Engineering and Media (68.75) NTU Chinese (68.75) SMU Information Systems (70) Hope this helps.  Surviving in IP track, maintaining scholarship(can be revoked) and qualifying for 4H2s are not due to psle, but through sustained results in secondary school. But okay, I want to move on from this topic pls xD And it definitely helps, I appreciate it greatly  Unfortunately those that I ""safely qualify"" for are unlikely to offer me closure. Would consider appealing for information engineering and media but the intake is so small..and haven't heard back at all from SMU, why?? ):",8.48905467360079
2016,Apitutude|Discretionary,"Telomeresis wrote:  Hi everyone, I understand that NUS' Computer Science course requires a polytechnic student to have either: 1. Taken Additional Maths as an O-Level Subject 2. Taken 3 diploma-plus Math modules I'm a polytechnic student, and as I haven't taken any of those, I've asked around a bit (went to speak with some of the NUS lecturers too) and I've been directed to apply via Discretionary Admission. Is there anyone who can shed some light on this? I've tried snooping around the forums for details, but I haven't been able to find more about it. (Would appreciate if you could direct me to a post that explains about this) I'm curious to know more about it (E.g. how it usually goes for these applicants, how hard it is/how it easy it is, etc...). My apologies in advance if I'm posting this in the wrong section >< If you do not fulfill any of the above, I recommend that you should stay away from computer science. you will most likely suffer. As a senior in NUS who helps out in poly refresher workshop, I think I have seen enough poly students struggling with math in uni.",8.423823620062874
2017,Apitutude|Discretionary,"for those still asking about whether they can get. here is a good compilation. it's definitely not cut-off so don't be disheartened. this is based on offers.marigoldhl wrote:  All admission related questions specifically related to AY2017/18 (NUS, NTU and SMU only) are welcome in this thread. Ask away! Create a HWZ account if you need to ask a question or to contribute to the discussion.For other universities e.g. SUTD, SIT and UniSIM/SUSS, please look up for their respective threads in the Degree subforum. ----------IGP AY2016/17 (updated 3 Jan 2017)Historical IGP Freshmen AY2008/09 to AY2016/17 for both A Level (in numerical rank points) and Poly applicants (in CGPA)https://docs.google.com/spreadsheets...T7nLKc/pubhtmlHistorical GES Class of 2008 to 2016https://docs.google.com/spreadsheets...kYuPc8/pubhtmlOfficial IGPs for AY2016/17 batchNUS:http://www.nus.edu.sg/oam/gradeprofi...ramme-igp.htmlNTU:http://www3.ntu.edu.sg/oad2/website_...GP/NTU_IGP.pdfSMU:http://admissions.smu.edu.sg/admissi...e-profiles-igp ---------- DO EXPECT FIERCER COMPETITION FOR VACANCIES; WITH EFFECT FROM AY2017/18, DISCRETIONARY ADMISSION RATE WILL BE RAISED FROM 10% TO 15% (Source) ----------For rating of chances/ posting of offers, please state:Poly - CGPA (5th/6th sem) - O Level L1R4 (raw score). If from PFP/ITE, state N Level results and PFP/ITE GPA - Current poly and course - Target uni course - Singaporean/PR/Foreigner (Foreigners have a harder chance of entering local universities due to 18% foreigner quota) - Target uni course/ Uni and course offer received/ rejected (if any, indicate all choices)A Level - Grade profile (H2-H2-H2/H1-GP-PW+(H)MT) - Total rank point - Singaporean/PR/Foreigner - Target uni course/ Uni and course offer received/ rejected (if any, indicate all choices) If applying for DA, do state CCA and achievements as wellAll confirmed admission results (from this year's admission exercise, whether offered or rejected) posted on this thread will be used to compile the Appeal Chance Rater. To post your offers/ rejections, please include your rank points/ GPA and raw L1R4 in the format above. Thank you for your help. -------------------- Application Period: SMU until 26 March 2359h -------------------- May the odds be ever in your favour.",11.581890118232998
2017,Apitutude|Discretionary,"Kodaliner wrote:  Hey, like everyone else, I would like to know if I stand a chance in this year's ultra competitive rat race to Uni.  My 'A' lvl is bad and standing at 62.5 RP (Combi: PCMG) Currently setting my eyes on SMU SIS after having a tryout at an online start-up during NS (ORD last Dec). Trying my shot at SMU/NUS/NTU Discretionary Admission with several leadership and volunteering experience throughout secondary, JC and NS. In sec school, I was merely in an exco committee (Head of Discipline), chosen as an ambassador for SG Youth Olympic Games School Twinning Partnership and 182.5 CIP hours. In JC, I was also in the exco committee in my rockslimbing CCA and clinched an overall 'A' Div Boys Championship (Does that count?) in National School Rock Climbing Competition during JC1. I was also selected to organise my JC Orientation camp back in 2014. During NS, I was a spec and have taken up volunteering outside at an organisation for kids with chronic illness. I was the Deputy Director for Programmes Portfolio there, planning camps and organising activities for kids there in 2016. This year, I've switched to Marketing and Communications in the same organisation.  However, due to the online business that my friend and i tried out, I wish to study at SMU SIS to further my interest. Do you guys think I actually stand a chance for SMU DA? (I applied for SMU on 27th Jan this year and merely received the seminar invitation 1-2 weeks after applying) Oh, my 'O' lvl stands at raw 14 points with English B3 and Add/E Math at A2. Pure sciences Phy/Bio/Chem B3ðŸ˜§ Ya can say almost no chance for the top 3 local u.. U may consider UniSIM fulltime or higher chance for its part time programmes or even SIM-Global.. Gd luck! ðŸ‘",11.549718237036567
2017,Apitutude|Discretionary,"middleofnowhere wrote:  If you read the guidelines on the application form, the ideal would be an achievement on par with being a national athlete/olympiad champion. But I would think that anything on the national level, even if it's not super prestigious, will have a good chance. Think in terms of an achievement that you don't see a few other hundred people having as well, so don't pin too much hope on stuff like CCA leadership or CIP hours. Not saying that cannot try, just don't do it with too high of an expectation. george87 wrote:  Last year what did you put? My friend got in NUSFASS with 71.5 RP. SG citizen. george87 wrote:  It was last year. She was rejected by FASS at first, then they accepted her again due to vacancies. She didn't have to go through DA.  Hi, I tooked my A Levels in 2015, GP: A PW: A H1 Chem: A H2 Econs: B H2 History: D H2 CSC: D so my rp is 72.5  I'm a really humanities person so I'm applying for NUS FASS through Discretionary Admissions. I really want to study in FASS (Political Science/Philosophy/Global Studies). My determination: I've applied and appealed to NUS last year, and will be appealing again if I get rejected this year. I'm alr intending to apply and appeal next year too if I fail this year. I didn't retake coz I couldn't retake CSC (china studies in Chinese) as a private candidate. (I ORD at the start of 2018.) I've got a place in NTU PPGA last year so I'm keeping it for now. Do y'all think I stand a chance for FASS? As for NAA I'm not sure whether a Bronze Award in HCI China Studies Forum, 2nd runner-up in MOE-ST Current Affairs Quiz would help at all, since it's not really like an Olympiad-level kind of competition. In addition, I've participated in SMUN (Singapore Model UN) 2014 (organised by NUS) but I didn't win any award though. Could anyone advise if I could use this to my advantage? Pls help and advise. Thanks a lot!",11.081640050177597
2017,Apitutude|Discretionary,"Anyone care to share his/her take on this?ðŸ˜•Kodaliner wrote:  Hey, like everyone else, I would like to know if I stand a chance in this year's ultra competitive rat race to Uni.  My 'A' lvl is bad and standing at 62.5 RP (Combi: PCMG) Currently setting my eyes on SMU SIS after having a tryout at an online start-up during NS (ORD last Dec). Trying my shot at SMU/NUS/NTU Discretionary Admission with several leadership and volunteering experience throughout secondary, JC and NS. In sec school, I was merely in an exco committee (Head of Discipline), chosen as an ambassador for SG Youth Olympic Games School Twinning Partnership and 182.5 CIP hours. In JC, I was also in the exco committee in my rockslimbing CCA and clinched an overall 'A' Div Boys Championship (Does that count?) in National School Rock Climbing Competition during JC1. I was also selected to organise my JC Orientation camp back in 2014. During NS, I was a spec and have taken up volunteering outside at an organisation for kids with chronic illness. I was the Deputy Director for Programmes Portfolio there, planning camps and organising activities for kids there in 2016. This year, I've switched to Marketing and Communications in the same organisation.  However, due to the online business that my friend and i tried out, I wish to study at SMU SIS to further my interest. Do you guys think I actually stand a chance for SMU DA? (I applied for SMU on 27th Jan this year and merely received the seminar invitation 1-2 weeks after applying) Oh, my 'O' lvl stands at raw 14 points with English B3 and Add/E Math at A2. ",10.841504215631383
2017,Apitutude|Discretionary,"Hey, like everyone else, I would like to know if I stand a chance in this year's ultra competitive rat race to Uni.  My 'A' lvl is bad and standing at 62.5 RP (Combi: PCMG) Currently setting my eyes on SMU SIS after having a tryout at an online start-up during NS (ORD last Dec). Trying my shot at SMU/NUS/NTU Discretionary Admission with several leadership and volunteering experience throughout secondary, JC and NS. In sec school, I was merely in an exco committee (Head of Discipline), chosen as an ambassador for SG Youth Olympic Games School Twinning Partnership and 182.5 CIP hours. In JC, I was also in the exco committee in my rockslimbing CCA and clinched an overall 'A' Div Boys Championship (Does that count?) in National School Rock Climbing Competition during JC1. I was also selected to organise my JC Orientation camp back in 2014. During NS, I was a spec and have taken up volunteering outside at an organisation for kids with chronic illness. I was the Deputy Director for Programmes Portfolio there, planning camps and organising activities for kids there in 2016. This year, I've switched to Marketing and Communications in the same organisation.  However, due to the online business that my friend and i tried out, I wish to study at SMU SIS to further my interest. Do you guys think I actually stand a chance for SMU DA? (I applied for SMU on 27th Jan this year and merely received the seminar invitation 1-2 weeks after applying) Oh, my 'O' lvl stands at raw 14 points with English B3 and Add/E Math at A2. Pure sciences Phy/Bio/Chem B3ðŸ˜§",10.822493335709819
2017,Apitutude|Discretionary,"the-hogwartian wrote:  Hi, I tooked my A Levels in 2015, GP: A PW: A H1 Chem: A H2 Econs: B H2 History: D H2 CSC: D so my rp is 72.5  I'm a really humanities person so I'm applying for NUS FASS through Discretionary Admissions. I really want to study in FASS (Political Science/Philosophy/Global Studies). My determination: I've applied and appealed to NUS last year, and will be appealing again if I get rejected this year. I'm alr intending to apply and appeal next year too if I fail this year. I didn't retake coz I couldn't retake CSC (china studies in Chinese) as a private candidate. (I ORD at the start of 2018.) I've got a place in NTU PPGA last year so I'm keeping it for now. Do y'all think I stand a chance for FASS? As for NAA I'm not sure whether a Bronze Award in HCI China Studies Forum, 2nd runner-up in MOE-ST Current Affairs Quiz would help at all, since it's not really like an Olympiad-level kind of competition. In addition, I've participated in SMUN (Singapore Model UN) 2014 (organised by NUS) but I didn't win any award though. Could anyone advise if I could use this to my advantage? Pls help and advise. Thanks a lot! NTU PPGA good enough what. Why must insist on FASS esp when your rp quite far off from the 10th percentile.  One thing interesting about NTU is that all students are supposed to take unrestricted electives from other schools within NTU which you can choose and apply for. So you can also take electives on philosophy if that is one of your interests.  Anyway all the best for fass. Miracles can still happen as we read of a girl who got in with just 71plus rp last year. To answer your earlier query, I will be enrolling into NTU history this year. And I doubt army rank is the key . It's your achievement and contribution in the army  that counts I guess. If you have, just throw in.",10.811995921345842
2017,Apitutude|Discretionary,"the-hogwartian wrote:  Hi, I tooked my A Levels in 2015, GP: A PW: A H1 Chem: A H2 Econs: B H2 History: D H2 CSC: D so my rp is 72.5  I'm a really humanities person so I'm applying for NUS FASS through Discretionary Admissions. I really want to study in FASS (Political Science/Philosophy/Global Studies). My determination: I've applied and appealed to NUS last year, and will be appealing again if I get rejected this year. I'm alr intending to apply and appeal next year too if I fail this year. I didn't retake coz I couldn't retake CSC (china studies in Chinese) as a private candidate. (I ORD at the start of 2018.) I've got a place in NTU PPGA last year so I'm keeping it for now. Do y'all think I stand a chance for FASS? As for NAA I'm not sure whether a Bronze Award in HCI China Studies Forum, 2nd runner-up in MOE-ST Current Affairs Quiz would help at all, since it's not really like an Olympiad-level kind of competition. In addition, I've participated in SMUN (Singapore Model UN) 2014 (organised by NUS) but I didn't win any award though. Could anyone advise if I could use this to my advantage? Pls help and advise. Thanks a lot! Don't let my comment about DA demoralize you, I made that comment mainly targeting people who are thinking of using only CCA leadership(esp for clubs) and CIP hours. Every award or competition won has their own value, and some faculties may just be looking out for passion.(your achievements give a clear indication that you do, for global affairs at least) Not everyone who gets in through DA has an Olympiad/national athlete-level achievement after all. Plus, the intake for DA has been raised to 15% this year. Just give it a try!",10.776422025752339
2017,Apitutude|Discretionary,"middleofnowhere wrote:  If your aim is to find a job right, engineering is actually a really good choice. With an engineering degree, you can have a choice between being doing technical jobs(eg. engineer) and also office jobs in civil service/private/banking/teaching.(am currently interning in a ministry and my director has engineering background) General degrees like business or social sciences on the other hand, cannot do the former. I even heard that some corporate employers prefer engineering students over those of other disciplines, since they are trained with problem-solving skills.(my brother is doing engineering in ntu). Downsides of engineering is that it is very tough if you have no interest. Otherwise, you can try for the less popular social sciences also such as history or english! Take the accounts about not being able to find jobs with a pinch of salt, there can be many factors such as the applicant simply having bad grades, an unimpressive portfolio, or even being too picky.  Sadly to say, I don't think you should put too much hope on NUS unless you are planning to go through discretionary admissions.(still can try of course, no harm. my results were significantly lower than yours when i applied last year) SMU might have slight chance to land an interview, but of course there's also the problem of passing the interviews. In summary, I would say your best bet is in NTU's engineering or social sciences. icic, but which engineering in NTU is more useful here? Like got bioengineering,eee etc. Preferably something that can secure higher income as well? I need to be able to sponsor a non SC/PR relative for LT visit pass when I work. Also Computer Science/ Computer Engineering in NTU is ABC/C (75) last time,are the chances of me getting in those very low?  Finally, is CS a meme degree like what 4chan always claims? I might want to give CS a try. Thx for your input btw",10.654372087945285
2017,Apitutude|Discretionary,"user1818 wrote:  Got accepted into NTU but rejected by SMU. And I have a friend who got accepted into SMU biz with cgpa 3.2 and he is not even in any national team. How does SMU even select?? GPA 3.2 getting in means it's likely to be Discretionary Admission. See the following. Although many associates DA with Sports or National level achievement, that's not the only case. See the following.Quote: SMU recognises the value of a diverse student body and we take into account the broad range of contributions that applicants can bring to the student community in our selection of our students. Under the Discretionary Admissions (DA) framework, SMU will consider applicants who may not have met the cut-off academic grade but have other outstanding achievements and attributes that SMU values, and whom SMU assesses to have the ability to successfully complete an undergraduate degree. These attributes supplement and complement the core qualities (beyond academic abilities) that SMU looks for in all students admitted to the university: critical thinking abilities, communication skills, and attitude (e.g. motivation, perseverance, determination, curiosity). Up to 10% of places will be set aside for applicants admitted under Discretionary Admissions for AY2016. SMU will look for evidence of outstanding achievements/attributes. Examples include but are not limited to the following: Excellence and/or leadership in sports and/or arts; Impactful leadership and/or participation in community service and volunteer programmes; Significant awards and achievements in area/s relevant to the course applied for; Noteworthy involvement in work (internship) relevant to the course applied for; Noteworthy involvement in entrepreneurial activity; Ability to overcome significant difficulties and life challenges ",9.54313104832673
2017,Apitutude|Discretionary,"the-hogwartian wrote:  Hi, I tooked my A Levels in 2015, GP: A PW: A H1 Chem: A H2 Econs: B H2 History: D H2 CSC: D so my rp is 72.5  I'm a really humanities person so I'm applying for NUS FASS through Discretionary Admissions. I really want to study in FASS (Political Science/Philosophy/Global Studies). My determination: I've applied and appealed to NUS last year, and will be appealing again if I get rejected this year. I'm alr intending to apply and appeal next year too if I fail this year. I didn't retake coz I couldn't retake CSC (china studies in Chinese) as a private candidate. (I ORD at the start of 2018.) I've got a place in NTU PPGA last year so I'm keeping it for now. Do y'all think I stand a chance for FASS? As for NAA I'm not sure whether a Bronze Award in HCI China Studies Forum, 2nd runner-up in MOE-ST Current Affairs Quiz would help at all, since it's not really like an Olympiad-level kind of competition. In addition, I've participated in SMUN (Singapore Model UN) 2014 (organised by NUS) but I didn't win any award though. Could anyone advise if I could use this to my advantage? Pls help and advise. Thanks a lot! O.O This is strange. My friend got rejected then she was offered due to vacancies by NUSFASS.",9.498855067114128
2018,Apitutude|Discretionary,"According to NTU (http://www3.ntu.edu.sg/oad2/website_files/DA.pdf), one of the criteria they consider for DA is â€œsignificant awards/achievements in area relevant to the programme appliedâ€, so yes, as long as your scholarship and internship is relevant to the course/(s), I think it *should* count as an achievement.  You should also ask the GM of ur internship firm to be ur appraiser for DA (see document link for more info). Anyway, really no harm in applying for DA, so just give it a shot and see what happens  As for how to write the essay, I remember being asked to write about a meaningful experience OR why I was applying to a particular course/NTU. Whichever topic you chose, I suggest telling it as a cohesive story. â€˜Linkâ€™ your achievements into it and how it has contributed to you choosing this course/NTU. Listicals of ur achievements can be quite hard to read, and the admissions committee obviously has to read many of them. If your essay is entertaining and insightful too, I think youâ€™ll stand a decent chance of being read/called up for at least an interview. Hope this helps!x3Fastdealer wrote:  Hi guys, saw many comments and posts in this forum saying that Discretionary admission increases the chance of admission into NTU and NUS.  Is having a scholarship (poly) and a recommendation letter from the general manager of your internship company counted as achievements?  By applying through DA, it is also required to submit an applicant assay, may I ask for the write way to write this application assay so as to increase my chances of getting accepted through DA?  Thanks in advance and have a nice day ahead!! ",9.394813179730336
2018,Apitutude|Discretionary,"nusntusmu133 wrote:  Before you even consider what others are saying are nonsense, please get your facts right. And I did not said 3.2. I said 3.25. Read carefully and be more observant. And the 10th percentile for Nursing hovers around the 3.4 mark for the past few years , meaning that there are 10% of the accepted students that fall below this Gpa. Thatâ€™s not even considering discretionary admissions if you ever follow the news. One of my Friend got into nursing with a GPA of 3.26, as he had a impressive portfolio matched by little, clocking up hours of community service, and accomplishing a lot related to nursing, as well as juggling an diploma plus and being a national player. GPA is not everything, and judging by your words, NUS would not want you because you are full of nonsense. Although I rarely say this, but you should go and reflect on yourself and how you talk to prevent you from being a failure in life. Wrong .i was accepted by NUS,NTU and SMU.thanks for ur concern.",8.381420990955778
2018,Apitutude|Discretionary,"MoonLight555 wrote:  Nonsense.No course in NUS would want u with a gpa of 3.2 Before you even consider what others are saying are nonsense, please get your facts right. And I did not said 3.2. I said 3.25. Read carefully and be more observant. And the 10th percentile for Nursing hovers around the 3.4 mark for the past few years , meaning that there are 10% of the accepted students that fall below this Gpa. Thatâ€™s not even considering discretionary admissions if you ever follow the news. One of my Friend got into nursing with a GPA of 3.26, as he had a impressive portfolio matched by little, clocking up hours of community service, and accomplishing a lot related to nursing, as well as juggling an diploma plus and being a national player. GPA is not everything, and judging by your words, NUS would not want you because you are full of nonsense. Although I rarely say this, but you should go and reflect on yourself and how you talk to prevent you from being a failure in life.",7.872694142422314
2018,Apitutude|Discretionary,"silverxevan wrote:  hi there, I am one of those with 70rp raw, 70.875rp with MTL who got accepted by SMU social sciences which is my first choice as well. sorry to say this but i think chances r likely to be low as i have a friend with the exact same rp as u who has already gotten rejection frm SMU, first choice also social sciences. hope you have backup plans, all the best!! 1rp makes alot of difference man ( I applied thru discretionary admissions instead of my grades haha not sure if they will still consider rp but no news is better than bad news i guess :/ thanks for your comment ",7.041320942645801
2018,Apitutude|Discretionary,"x3Fastdealer wrote:  Hi guys, saw many comments and posts in this forum saying that Discretionary admission increases the chance of admission into NTU and NUS.  Is having a scholarship (poly) and a recommendation letter from the general manager of your internship company counted as achievements?  By applying through DA, it is also required to submit an applicant assay, may I ask for the write way to write this application assay so as to increase my chances of getting accepted through DA?  Thanks in advance and have a nice day ahead!! I have the same question.. I'm curious to know what kind of scholarship is applicable, through major project? anyway what kind of scholarship did you get?",6.9071574093218615
2018,Apitutude|Discretionary,"x3Fastdealer wrote:  Hi guys, saw many comments and posts in this forum saying that Discretionary admission increases the chance of admission into NTU and NUS.  Is having a scholarship (poly) and a recommendation letter from the general manager of your internship company counted as achievements?  By applying through DA, it is also required to submit an applicant assay, may I ask for the write way to write this application assay so as to increase my chances of getting accepted through DA?  Thanks in advance and have a nice day ahead!! DA is only used when your grades dont meet the cutoff. If you have 3.9 to 4, dont even need to bother.",6.881277290377443
2018,Apitutude|Discretionary,"wmlehhh wrote:  Got offered NUS FASS this morning!! ) I am a poly grad with CGPA of 3.67 and L1R4 of 9, if anyone needs reference. I would like to clarify though, my other applications have not been processed yet. Is it recommended I go ahead and accept this first or should I wait till closer to deadline in case better offers come in? Hey there! Congratulations on your offer :-) Can i just ask, did you apply through normal admissions or you went for a discretionary admission interview?",6.577385384409563
2018,Apitutude|Discretionary,"Hi guys, saw many comments and posts in this forum saying that Discretionary admission increases the chance of admission into NTU and NUS.  Is having a scholarship (poly) and a recommendation letter from the general manager of your internship company counted as achievements?  By applying through DA, it is also required to submit an applicant assay, may I ask for the right way to write this application assay so as to increase my chances of getting accepted through DA?  Thanks in advance and have a nice day ahead!! ",6.572682952547436
2018,Apitutude|Discretionary,ethanchong wrote:  Got shortlisted for NUS Aptitude Based Interview with rp 72.5. Not sure what to expect with that 3 hours long interview lol in the upcoming Tuesday lol. Had to apply urgent leave to ask SAF to let me go for it. Anyone care to shed some light on why it's 3 hours long?? Applicants must be able to provide a set of supporting documents for this section if they are invited by the faculty to attend the interview for Aptitude-based (Discretionary) admissions consideration. What course anyway?,6.222229114322681
2018,Apitutude|Discretionary,"Beepopo wrote:  Hi, can I know if anyone have been called up for the discretionary admissions interview for NUS Computer Science?  I know SoC recently started calling out for people applying to information systems. I would also like to know if anyone knows how exactly do discretionary admissions works? As I applied for IS as my second choice, does it mean that I am not selected for it as I have not receive any news (even interview) till this date?  Thank you thatâ€™s me! haha",5.798804107931727
2019,Apitutude|Discretionary,"Slim chance, probably will get automatically transferred to discretionary admissions as gpa is below igp and this year is pretty competitive. Anyways did you take O levels English and if so what grade did you attain? yelyah wrote:  Hey guys, am writing this post just cause~ I'm a graduating student from SP and here are my stats:Dip: BiotechnologycGPA: 3.615CCA: Gold with Honours - President/Outreach Member of Student Chapter - Volunteer for an Overseas CIP/a handful of local beneficiaries - Student Ambassador for SP at a science camp - Helper for events such as FOC, Open House, Student Union events - Master Sergeant for Band (in sec sch but I did mention this in most of my application as it was still quite recent and thought it'd boost my chances lol )Sec qualification: N Levels EMB3: 6, Took one O Level Subject Emath (B3) Went through the PFP route Applied to the following:NUS 1. Business AdminNTU (Got an appraisal from one of my teachers) 1. Business 2. EconomicsSMU (Got two appraisal from my teacher for scholarship but idk how that'll affect my chances for admission as admissions and scholarship are based on two separate process) 1. Business Management  2. Economics Can anyone shed light on my overall chances? Have yet to get an offer from any Unis and the wait is killing me hahah ",9.703863738960516
2019,Apitutude|Discretionary,"mikeyyy wrote:  Hi can someone rate my chances of getting into NUS InfoSys? I have a 5 sem cgpa of 3.9x from a relevant poly course but unfortunately i did not score an A2 for my e math and i did not take o level A math (almost half of my modules i took in poly are scored as Distinctions and i took further math if it matters). I saw the latest igp for NUS computing and i was shocked  . Let me first caveat that I did not grad from NUS InfoSys / SOC. 1. It is probably true that the odds of admissions are slim, but there are other ways to â€œprove your abilities for mathâ€. Think outside the box (e.g might an exceptional SAT Math score help? Etc...) 2. IGP is indicative, and shows 90th and 10th percentile. What about the 1st to 9.99th percentile of students? Thereâ€™s no real way of knowing what the absolute cut-off in a given year is (after accounting for discretionary and mature admissions).  3. Relating to point 2, never say never. I was the last ranked undergrad in my cohort (academically) at admissions, but I still finished in 3.5 yrs with good hons. Always happy to help prospective students. Do reach out if you would like a more detailed consult, cheers ",8.744124197760122
2019,Apitutude|Discretionary,"I think your grades and profile are decent.  Did you apply for discretionary admissions with supporting documents? CheersAlexander_ wrote:  Hello! Was wondering if any kind souls would give me some advice on my chances to enter any schools (SMU/ NUS/ NTU)'s Biz Mgmt courses with my grades and contributions below! Cumulative GPA (6th Sem): 3.42 (Had a rough start lol) Poly Course: NYP Business Management O'level Scores: L1R4: 15 (A1 for English, have E/A Maths) Contributions: Valedictorian of my course, Participated in Inter-poly competitions, was the Head of Logistics for my CCA (Have two CCAs, upheld position only for one), Entered Dean's List twice. Is there no hope for me? I tried applying for the above Universities but it seems like I still haven't gotten a reply. ",8.214058299406048
2019,Apitutude|Discretionary,"Ferrydark wrote:  Hi! Currently in SPâ€™s Business Administration with a GPA of 3.615 (SEM 4). CCA: Gold w/ honours, vice-president and president of two clubs (school club and student ambassador) Currently interning at a well-known bank. Left with 1 semester (intern gpa will not be included lol) to pull up my GPA to a max of 3.69 (assuming i get a 4.0 again). What are my chances of getting into NUS/NTU Business School? Really would appreciate some advice! Quite high chance in my opinion. Apply under discretionary admission and be sure to state all your leadership roles + competitions + any other stuff you'll like to highlight.  In the event that you do not get in this year, appeal. If still cannot get in the apply next year. All the best",7.69328492917624
2019,Apitutude|Discretionary,Callyo wrote:  I applied to NUS medicine via EIS (Discretionary admission) and the application is still processing. The entrance test is on 1st April (Monday) and / or 7th April but it's still processing.. Could it be that they need to review DA applicants one by one so it takes longer while normal route only use the system to shortlist (based on cut off point) my friend got an email to attend the NUS FASS aptitude based writing test (bg info: graduated in 2018 with a gpa of 3.5 and currently interning at a famous sg based media company) so im really confused how NUS go about shortlisting DA applicants ):,7.065781524038376
2019,Apitutude|Discretionary,"Jcleng wrote:  Oh ok thanks, I have just called the 3 uni, think NTU communication study wnt be able to get in even thru DA. hmm, I would say don't sell your kid's odds short.  Discretionary Admissions seek to answer 2 questions: 1. With your academic qualifications (not restricted to O/A/Diploma results), can you survive the program if you are accepted. 2. Of all the DA applicants, why you? What do you bring to the table and can you communicate that through your portfolio / interviews / assessment centre? Hope this helps  Cheers",6.763528197624226
2019,Apitutude|Discretionary,"Loldx01 wrote:  Slim chance, probably will get automatically transferred to discretionary admissions as gpa is below igp and this year is pretty competitive. Anyways did you take O levels English and if so what grade did you attain? Yeah tbh with my grades i wasnt expecting much, was hoping my cca could at least help me in some ways.  With regards to my English, i didn't take it as an O Level Subject. I did however take N Levels English and got an A2.  For future purposes if theres any use my n level grades were:  eng (A2) e maths (A2) a maths (B3) comb humans (A1) comb science (A1) food and nutrition (A1) malay (A2)",6.4769192397342845
2019,Apitutude|Discretionary,"b_ongzhenyu wrote:  May I know what are the chances of getting into SMU Computer Science?  Poly 3.46 GPA no CCA O Levels L1R4 17, emath A2, amath b3 Want to try NTU but not related course so can't. what I know about NTU is that if you are able to secure Diploma with merit then not related course (except super competitive course) are eligible for application. Btw strongly recommend you to try applying SMU and include more things in Discretionary admission section and i believe you have chance for it!",6.238171110075009
2019,Apitutude|Discretionary,Occifer&Gentleman wrote:  I think your grades and profile are decent.  Did you apply for discretionary admissions with supporting documents? Cheers Hello! Yup I definitely did apply for DA and I included many supporting documents like my testimonials and recommendation letters from school and my Overseas Internship firm (because I worked with a client to launch their first few products for a start-up company in China). But yup I hope I still can stand a chance given my rather low GPA ,6.189499946590747
2019,Apitutude|Discretionary,"Siaolangkeng wrote:  Quite high chance in my opinion. Apply under discretionary admission and be sure to state all your leadership roles + competitions + any other stuff you'll like to highlight.  In the event that you do not get in this year, appeal. If still cannot get in the apply next year. All the best Thank you so much for the tip! Thank you!",4.990981832745292
2020,Apitutude|Discretionary,"We haven't had an updated version for some time after the latest GES was released. Now this is one of the kinds of analysis that when interpreting the visualisation you must have in mind a few caveats. Although it is generally advised not to pick a course solely on remuneration, undoubtedly some are willing to sacrifice their happiness working in a field they later find they dislike for a higher pay, and this is their decision.   That being said, this plot is still interesting enough although with a few important things to note:  \- 10% IGP is not the minimum and may be a good measure, but A lvl Rank points does not solely determine the difficulty of entrance for some courses. Especially for courses with interviews, it is quite often the case where the real difficulty lies in passing the interview and not the RP filtering stage  \- For 85 RP courses, it is obvious that quite a few could, and will be greater than 85 RP. This is just a result of the published IGPs holding GP to be a 'C' grade, a decision made by the universities/MOE.  \- This does not take into account non-normal admission like discretionary admission scheme  \- <Honour> variants of the majors were assumed to have the same IGP. If this does not seem to make sense do point out!  \- Horizontal and Vertical lines are the major-wise mean of the courses analysed here. If your major is not here, it must have meant I could not obtain the data for either dimension.  \- One last thing to add is that starting salary is not necessarily the best measure for some majors. For one example, accountancy is known to have lower starting pay but more well-known for its increment/progression. So do take note of this.  \- Business Analytics is from Computing but it is a Bachelor of Science  \- the usual problems for GES in general still apply, like reporting bias, sample size etc. (although all here are >30, but that's still not significantly big).  \- Decided to do for gross starting remuneration but basic could also hold some insights.  \- For obvious reasons, there is a 3/4 year lag between the latest batch(IGP) and the batch whose GES was considered.  &#x200B;  Data was taken from MOE at: [https://www.moe.gov.sg/docs/default-source/document/education/post-secondary/files/web-publication-nus-ges-2019.pdf](https://www.moe.gov.sg/docs/default-source/document/education/post-secondary/files/web-publication-nus-ges-2019.pdf)  Some footnotes copy and pasted from their report:  ""  6. Data on law, medicine and pharmacy graduates is obtained from a follow-up survey on 2018 graduates after they have completed their  one-year practical law course/pupillage/housemanship/first-year residency/practical training. Data on architecture graduates is  obtained from a follow-up survey on 2016 architecture graduates after they have completed their practical training.  7. The Bachelor of Environmental Studies degree is a multidisciplinary programme that allows students to specialise in either  Environmental Biology within the Faculty of Science or Environmental Geography within the Faculty of Arts and Social Sciences.  8. \*: Data is based on a sample size of fewer than 30 respondents. ""  &#x200B;  For more caveats, take a look at their the link above, their report is quite comprehensive for most intents and purposes.  With the 4-partition, linear model line may not be needed but I have left it there in case some are interested to see.  &#x200B;  Last advice is that cliche as it seems, remember to consider if you value your happiness more than such financial considerations. A major, though not always, could go a long way in determining a large part of your life.",13.658441231491938
2020,Apitutude|Discretionary,"The university admission season is in full swing.  It is timely to reflect on whether admission processes can be improved to manage the increased diversity of prospective university students.  I am a recent graduate from the National University of Singaporeâ€™s (NUS) Master of Architecture programme from the polytechnic route.  But I initially faced significant challenges securing a place in local universities, though I came third in my interior architecture diploma from Temasek Polytechnic, one of two diplomas recognised by the Board of Architects Singapore for training waivers.  NUS and the Singapore University of Technology and Design rejected my application and appeals for admission to their bachelorâ€™s degrees in architecture.  My grade point average (GPA) as the third-highest-scoring student was not enough to even land me an interview under a discretionary admissions scheme.  An appeal letter from a Member of Parliament was the saving grace that secured me an interview. I was offered a place in the NUS bachelorâ€™s degree in architecture in 2015 and completed it in 2018. I finished the masterâ€™s course last year.  It was disquieting to observe, for instance, that students from Singapore Polytechnicâ€™s environment-design-related diplomas disproportionately dominated the pool of polytechnic students in the bachelorâ€™s and masterâ€™s courses in architecture at NUS.  My checks in 2015 revealed that the GPA of the bottom 10th percentile of polytechnic students admitted to the architecture programme was higher than that of the top scorer from my Temasek Polytechnic diploma cohort. This raises the question of whether it is equitable to use the polytechnic GPA as a standard for admission to courses in local universities.Â Â Â   While the A-Level examinations provide a level playing field for junior college students, can we assume that the GPAs between polytechnics are a similar and fair equivalent for our polytechnic students?  Do not get me wrong. This is not a public appeal to increase places for polytechnic students. It is about ensuring that these limited seats go to the best students from the various polytechnics.  Can the Ministry of Education clarify if there are measures to ensure similar levels of rigour in the curricula of diploma courses from the different polytechnics?  And is there a similar standard for assessment and grading?  The current practice inÂ some diploma courses to invite university academics to review the work of their final-year students is commendable and should be better structured to serve as an objective means of assessing the competence of students.Â Â   An additional GPA score, perhaps moderated at a national level and reflective of the studentâ€™s position in his course, can help universities more fairly process these applications.  Polytechnics should also publish the proportion of their diploma graduates who enter local universities, so that prospective students can make informed choices. Students who are certain that they want to pursue further education after their diplomas can thus better gauge which course will offer them the best chances.",10.520982878452642
